﻿Designator,Footprint,Quantity,Value,LCSC Part #
C401,GEN_CP_Radial_D8_P3.5,1,470uF,
"D1, D10, D11, D12, D13, D14, D15, D16, D17, D18, D19, D2, D20, D21, D22, D23, D24, D25, D26, D3, D4, D5, D6, D7, D8, D9",D_DO35_Custom,26,D,
J201,GEN_PinHeader_1x3_P2.54,1,IR_RX,
J202,GEN_PinHeader_1x3_P2.54,1,IR_TX,
J301,GEN_PinHeader_1x3_P2.54,1,LED_CHAIN,
J302,GEN_PinHeader_1x4_P2.54,1,LCD_I2C,
J400,GEN_PinHeader_1x2_P2.54,1,BATTERY_LIPO,
J401,GEN_PinHeader_1x4_P2.54,1,BAT_CHG_BOOST,
R401,0805,1,330R,
"SW1, SW10, SW11, SW12, SW13, SW14, SW15, SW16, SW17, SW18, SW19, SW2, SW20, SW21, SW22, SW23, SW24, SW25, SW26, SW3, SW4, SW5, SW6, SW7, SW8, SW9",Kailh_Hotswap_MX_1U_Custom,26,SW_Push,
SW401,GEN_RotaryEncoder_EC11_Switch,1,RotaryEncoder_Switch,
U901,ESP32-S3-WROOM-1_LOCAL,1,ESP32-S3-WROOM-1-N8R8,
