{
    "$schema": "https://schemas.kicad.org/drc.v1.json",
    "coordinate_units": "mm",
    "date": "2026-03-01T03:57:55-0500",
    "kicad_version": "9.0.7",
    "schematic_parity": [],
    "source": "Macropad.kicad_pcb",
    "unconnected_items": [],
    "violations": [
        {
            "description": "Copper sliver (F.Cu)",
            "items": [],
            "severity": "warning",
            "type": "copper_sliver"
        },
        {
            "description": "Copper sliver (F.Cu)",
            "items": [],
            "severity": "warning",
            "type": "copper_sliver"
        },
        {
            "description": "Copper sliver (F.Cu)",
            "items": [],
            "severity": "warning",
            "type": "copper_sliver"
        },
        {
            "description": "Copper sliver (F.Cu)",
            "items": [],
            "severity": "warning",
            "type": "copper_sliver"
        }
    ]
}
